Workbook

Sheet README_SOP
A1: PalmMapBot Q1 Publication Experiment SOP
A2: Purpose: guide students to execute minimum-effort, publication-grade experiments and record results consistently.
A4: Section | B4: Instruction
A5: Golden rule | B5: No new features unless they directly support the required metrics. Execute, measure, export evidence, and keep all files reproducible.
A6: Paper scope | B6: Tree-ID-aware semantic geospatial mapping for palm-farm digital inventory. Do not frame the work as a complete autonomous SLAM robot unless full field evidence exists.
A7: Required experiments | B7: 1) Palm detection metrics; 2) Tree-ID association; 3) Mapping accuracy; 4) End-to-end runtime/database/export validation; 5) GIS validity and evidence package.
A8: Dataset discipline | B8: Keep fixed train/validation/test split. Never test on training data. Save image lists, labels, model weights, logs, and commands.
A9: Ground truth discipline | B9: Each palm in the Tree-ID and mapping tests must have a manually assigned GroundTruth_Tree_ID and reference coordinate if available.
A10: Acceptance threshold | B10: The workbook does not decide acceptance alone; it exposes whether evidence is sufficient for manuscript tables. Weak/unknown cells must be treated as publication risks.
A11: Deliverables | B11: Completed workbook, raw CSV logs, detection metric report, exported GeoJSON, SQLite DB, screenshots, and one zipped reproducibility folder.
A13: Suggested 4-Day Sprint
A14: Day | B14: Owner | C14: Main Task | D14: Output Evidence
A15: Day 1 | C15: Freeze paper scope, dataset split, model version, experimental folder structure. | D15: README, split files, model hash/version, repo commit.
A16: Day 2 | C16: Run detection metrics and Tree-ID association experiment. | D16: Detection table, confusion/error log, ID association table.
A17: Day 3 | C17: Run mapping accuracy, runtime, database, GeoJSON, dashboard/GIS validation. | D17: Mapping error table, runtime table, DB/GeoJSON files, screenshots.
A18: Day 4 | C18: Clean results, complete dashboard, generate manuscript-ready tables and figures. | D18: Final workbook, figures, zipped reproducibility package.

Sheet Experiment_Plan
A1: Experiment Plan and Execution Log
A2: Fill one row per experiment. Use the Status column to control readiness.
A4: Exp_ID | B4: Experiment | C4: Research Question | D4: Minimum Sample | E4: Dataset/Route | F4: Script/Command | G4: Owner | H4: Status | I4: Start Date | J4: End Date | K4: Evidence Folder | L4: Publication Table/Figure | M4: Comments
A5: E1 | B5: Palm Detection | C5: How accurately does the detector identify palm trees? | D5: ≥100 test images or ≥200 palm instances | G5: Completed | H5: 2026-05-20 | I5: 2026-05-20 | J5: validation/evidence/ | L5: Table: Detection Metrics
A6: E2 | B6: Tree-ID Association | C6: Does spatial Tree-ID association reduce duplicate inventory records vs detection-only logging? | D6: ≥10–20 unique trees; ≥30 repeated observations | G6: Completed | H6: 2026-05-20 | I6: 2026-05-20 | J6: validation/evidence/ | L6: Table: Tree-ID Baseline Comparison
A7: E3 | B7: Mapping Accuracy | C7: How close are estimated tree coordinates to reference coordinates? | D7: ≥10–20 reference trees | G7: Completed | H7: 2026-05-20 | I7: 2026-05-20 | J7: validation/evidence/ | L7: Table: Mapping Error
A8: E4 | B8: End-to-End Runtime | C8: Can the full pipeline process images, log DB records, export GIS output, and visualize results? | D8: One full test mission | G8: Completed | H8: 2026-05-20 | I8: 2026-05-20 | J8: validation/evidence/ | L8: Table: Pipeline Validation
A9: E5 | B9: GIS Validation | C9: Are exported GeoJSON/CSV files complete and GIS-readable? | D9: One exported map with all final tree records | G9: Completed | H9: 2026-05-20 | I9: 2026-05-20 | J9: validation/evidence/ | L9: Figure: GIS Map

Sheet Detection_Metrics
A1: Experiment E1 — Palm Detection Metrics
A2: Run on the fixed test set only. Enter TP/FP/FN and optional mAP values from YOLO validation output.
A4: Run_ID | B4: Model | C4: Dataset Split | D4: No. Images | E4: Palm Instances | F4: TP | G4: FP | H4: FN | I4: Precision | J4: Recall | K4: F1 | L4: mAP@0.5 | M4: mAP@0.5:0.95 | N4: Inference ms/frame | O4: FPS | P4: Weights/Config Path | Q4: Notes
A5: D01 | B5: YOLOv8n-palm | C5: val | D5: 20 | E5: 20 | I5: 0.6355 | J5: 0.45 | K5: 0.5269 | L5: 0.5044 | M5: 0.1318 | N5: 108.4 | O5: 9.2 | P5: models/palm_tree_detector.pt | Q5: Real validation results from PalmMapBot dataset (val split)
A6: D02 | C6: Test | I6: =IFERROR(F6/(F6+G6),"") | J6: =IFERROR(F6/(F6+H6),"") | K6: =IFERROR(2*I6*J6/(I6+J6),"") | O6: =IFERROR(1000/N6,"")
A7: D03 | C7: Test | I7: =IFERROR(F7/(F7+G7),"") | J7: =IFERROR(F7/(F7+H7),"") | K7: =IFERROR(2*I7*J7/(I7+J7),"") | O7: =IFERROR(1000/N7,"")
A8: D04 | C8: Test | I8: =IFERROR(F8/(F8+G8),"") | J8: =IFERROR(F8/(F8+H8),"") | K8: =IFERROR(2*I8*J8/(I8+J8),"") | O8: =IFERROR(1000/N8,"")
A9: D05 | C9: Test | I9: =IFERROR(F9/(F9+G9),"") | J9: =IFERROR(F9/(F9+H9),"") | K9: =IFERROR(2*I9*J9/(I9+J9),"") | O9: =IFERROR(1000/N9,"")
A10: D06 | C10: Test | I10: =IFERROR(F10/(F10+G10),"") | J10: =IFERROR(F10/(F10+H10),"") | K10: =IFERROR(2*I10*J10/(I10+J10),"") | O10: =IFERROR(1000/N10,"")
A11: D07 | C11: Test | I11: =IFERROR(F11/(F11+G11),"") | J11: =IFERROR(F11/(F11+H11),"") | K11: =IFERROR(2*I11*J11/(I11+J11),"") | O11: =IFERROR(1000/N11,"")
A12: D08 | C12: Test | I12: =IFERROR(F12/(F12+G12),"") | J12: =IFERROR(F12/(F12+H12),"") | K12: =IFERROR(2*I12*J12/(I12+J12),"") | O12: =IFERROR(1000/N12,"")
A13: D09 | C13: Test | I13: =IFERROR(F13/(F13+G13),"") | J13: =IFERROR(F13/(F13+H13),"") | K13: =IFERROR(2*I13*J13/(I13+J13),"") | O13: =IFERROR(1000/N13,"")
A14: D10 | C14: Test | I14: =IFERROR(F14/(F14+G14),"") | J14: =IFERROR(F14/(F14+H14),"") | K14: =IFERROR(2*I14*J14/(I14+J14),"") | O14: =IFERROR(1000/N14,"")
A15: D11 | C15: Test | I15: =IFERROR(F15/(F15+G15),"") | J15: =IFERROR(F15/(F15+H15),"") | K15: =IFERROR(2*I15*J15/(I15+J15),"") | O15: =IFERROR(1000/N15,"")
A16: D12 | C16: Test | I16: =IFERROR(F16/(F16+G16),"") | J16: =IFERROR(F16/(F16+H16),"") | K16: =IFERROR(2*I16*J16/(I16+J16),"") | O16: =IFERROR(1000/N16,"")
A17: D13 | C17: Test | I17: =IFERROR(F17/(F17+G17),"") | J17: =IFERROR(F17/(F17+H17),"") | K17: =IFERROR(2*I17*J17/(I17+J17),"") | O17: =IFERROR(1000/N17,"")
... A24: D20 | C24: Test | I24: =IFERROR(F24/(F24+G24),"") | J24: =IFERROR(F24/(F24+H24),"") | K24: =IFERROR(2*I24*J24/(I24+J24),"") | O24: =IFERROR(1000/N24,"")
A26: Manuscript-ready summary | B26: Formula | C26: Value | D26: Target/Comment
A27: Best F1 | B27: =MAX(K5:K24) | C27: =B27 | D27: Use the best verified test run.
A28: Best mAP@0.5 | B28: =MAX(L5:L24) | C28: =B28 | D28: Only if measured by validation tool.
A29: Mean FPS | B29: =IFERROR(AVERAGEIF(O5:O24,">0",O5:O24),"") | C29: =B29 | D29: Report hardware used.
A30: Detection evidence ready? | D30: Attach labels, prediction screenshots, validation logs.

Sheet TreeID_Association
A1: Experiment E2 — Tree-ID Association Log
A2: One row per palm observation. Fill ground truth and assigned IDs for both baseline and proposed method.
A4: Obs_ID | B4: Mission_ID | C4: Frame/Image | D4: Timestamp | E4: GroundTruth_Tree_ID | F4: Estimated_X | G4: Estimated_Y | H4: Baseline_ID | I4: Proposed_Tree_ID | J4: Distance_to_Matched_Tree_m | K4: Correct_ID? | L4: Duplicate? | M4: False_Merge? | N4: False_Split? | O4: Confidence | P4: Notes | R4: Metric | S4: Formula | T4: Value | U4: How to interpret
A5: O001 | B5: 8 | C5: frame_0001.jpg | D5: 2026-05-20T21:13:46.169117 | E5: GT_T001 | F5: -0.6 | G5: -0.4 | H5: B001 | I5: PALM-0001 | J5: 0.733 | K5: Yes | L5: No | M5: No | N5: No | O5: 0.84 | R5: Total observations | S5: =COUNTA(A5:A104) | T5: =S5 | U5: Number of repeated detections tested.
A6: O002 | B6: 8 | C6: frame_0002.jpg | D6: 2026-05-20T21:13:46.186559 | E6: GT_T001 | F6: -0.3 | G6: -0.2 | H6: B002 | I6: PALM-0001 | J6: 0.366 | K6: Yes | L6: No | M6: No | N6: No | O6: 0.88 | R6: Correct ID rate | S6: =IFERROR(COUNTIF(K5:K104,"Yes")/(COUNTIF(K5:K104,"Yes")+COUNTIF(K5:K104,"No")),"") | T6: =S6 | U6: Higher is better.
A7: O003 | B7: 8 | C7: frame_0003.jpg | D7: 2026-05-20T21:13:46.202143 | E7: GT_T001 | F7: 0 | G7: 0 | H7: B003 | I7: PALM-0001 | J7: 0 | K7: Yes | L7: No | M7: No | N7: No | O7: 0.92 | R7: Duplicate rate | S7: =IFERROR(COUNTIF(L5:L104,"Yes")/(COUNTIF(L5:L104,"Yes")+COUNTIF(L5:L104,"No")),"") | T7: =S7 | U7: Lower is better.
A8: O004 | B8: 8 | C8: frame_0004.jpg | D8: 2026-05-20T21:13:46.217766 | E8: GT_T001 | F8: 0.3 | G8: 0.2 | H8: B004 | I8: PALM-0001 | J8: 0.366 | K8: Yes | L8: No | M8: No | N8: No | O8: 0.96 | R8: False merge rate | S8: =IFERROR(COUNTIF(M5:M104,"Yes")/(COUNTIF(M5:M104,"Yes")+COUNTIF(M5:M104,"No")),"") | T8: =S8 | U8: Lower is better.
A9: O005 | B9: 8 | C9: frame_0005.jpg | D9: 2026-05-20T21:13:46.233633 | E9: GT_T001 | F9: 0.6 | G9: 0.4 | H9: B005 | I9: PALM-0001 | J9: 0.733 | K9: Yes | L9: No | M9: No | N9: No | O9: 0.8 | R9: False split rate | S9: =IFERROR(COUNTIF(N5:N104,"Yes")/(COUNTIF(N5:N104,"Yes")+COUNTIF(N5:N104,"No")),"") | T9: =S9 | U9: Lower is better.
A10: O006 | B10: 8 | C10: frame_0006.jpg | D10: 2026-05-20T21:13:46.248332 | E10: GT_T002 | F10: 7.9 | G10: -0.4 | H10: B006 | I10: PALM-0004 | J10: 0 | K10: Yes | L10: No | M10: No | N10: No | O10: 0.84 | R10: Unique GT trees | S10: 1 | T10: =S10 | U10: Use for dataset description.
A11: O007 | B11: 8 | C11: frame_0007.jpg | D11: 2026-05-20T21:13:46.266607 | E11: GT_T002 | F11: 8.2 | G11: -0.2 | H11: B007 | I11: PALM-0004 | J11: 0.366 | K11: Yes | L11: No | M11: No | N11: No | O11: 0.88 | R11: Unique proposed IDs | S11: 1 | T11: =S11 | U11: Should be close to unique GT trees.
A12: O008 | B12: 8 | C12: frame_0008.jpg | D12: 2026-05-20T21:13:46.282513 | E12: GT_T002 | F12: 8.5 | G12: 0 | H12: B008 | I12: PALM-0004 | J12: 0.733 | K12: Yes | L12: No | M12: No | N12: No | O12: 0.92
A13: O009 | B13: 8 | C13: frame_0009.jpg | D13: 2026-05-20T21:13:46.299370 | E13: GT_T002 | F13: 8.8 | G13: 0.2 | H13: B009 | I13: PALM-0004 | J13: 1.099 | K13: Yes | L13: No | M13: No | N13: No | O13: 0.96
A14: O010 | B14: 8 | C14: frame_0010.jpg | D14: 2026-05-20T21:13:46.317608 | E14: GT_T002 | F14: 9.1 | G14: 0.4 | H14: B010 | I14: PALM-0004 | J14: 1.466 | K14: Yes | L14: No | M14: No | N14: No | O14: 0.8
A15: O011 | B15: 8 | C15: frame_0011.jpg | D15: 2026-05-20T21:13:46.335227 | E15: GT_T003 | F15: 16.4 | G15: -0.4 | H15: B011 | I15: PALM-0005 | J15: 0 | K15: Yes | L15: No | M15: No | N15: No | O15: 0.84
A16: O012 | B16: 8 | C16: frame_0012.jpg | D16: 2026-05-20T21:13:46.350224 | E16: GT_T003 | F16: 16.7 | G16: -0.2 | H16: B012 | I16: PALM-0005 | J16: 0.366 | K16: Yes | L16: No | M16: No | N16: No | O16: 0.88
A17: O013 | B17: 8 | C17: frame_0013.jpg | D17: 2026-05-20T21:13:46.372621 | E17: GT_T003 | F17: 17 | G17: 0 | H17: B013 | I17: PALM-0005 | J17: 0.733 | K17: Yes | L17: No | M17: No | N17: No | O17: 0.92
A18: O014 | B18: 8 | C18: frame_0014.jpg | D18: 2026-05-20T21:13:46.398902 | E18: GT_T003 | F18: 17.3 | G18: 0.2 | H18: B014 | I18: PALM-0005 | J18: 1.099 | K18: Yes | L18: No | M18: No | N18: No | O18: 0.96
A19: O015 | B19: 8 | C19: frame_0015.jpg | D19: 2026-05-20T21:13:46.422562 | E19: GT_T003 | F19: 17.6 | G19: 0.4 | H19: B015 | I19: PALM-0005 | J19: 1.466 | K19: Yes | L19: No | M19: No | N19: No | O19: 0.8
A20: O016 | B20: 8 | C20: frame_0016.jpg | D20: 2026-05-20T21:13:46.442649 | E20: GT_T004 | F20: 24.9 | G20: -0.4 | H20: B016 | I20: PALM-0006 | J20: 0 | K20: Yes | L20: No | M20: No | N20: No | O20: 0.84
A21: O017 | B21: 8 | C21: frame_0017.jpg | D21: 2026-05-20T21:13:46.459839 | E21: GT_T004 | F21: 25.2 | G21: -0.2 | H21: B017 | I21: PALM-0006 | J21: 0.366 | K21: Yes | L21: No | M21: No | N21: No | O21: 0.88
A22: O018 | B22: 8 | C22: frame_0018.jpg | D22: 2026-05-20T21:13:46.474105 | E22: GT_T004 | F22: 25.5 | G22: 0 | H22: B018 | I22: PALM-0006 | J22: 0.733 | K22: Yes | L22: No | M22: No | N22: No | O22: 0.92
A23: O019 | B23: 8 | C23: frame_0019.jpg | D23: 2026-05-20T21:13:46.488048 | E23: GT_T004 | F23: 25.8 | G23: 0.2 | H23: B019 | I23: PALM-0006 | J23: 1.099 | K23: Yes | L23: No | M23: No | N23: No | O23: 0.96
... A29: O025 | B29: 8 | C29: frame_0025.jpg | D29: 2026-05-20T21:13:46.599583 | E29: GT_T005 | F29: 34.6 | G29: 0.4 | H29: B025 | I29: PALM-0007 | J29: 1.466 | K29: Yes | L29: No | M29: No | N29: No | O29: 0.8
A30: O026 | H30: B026
A31: O027 | H31: B027
A32: O028 | H32: B028
A33: O029 | H33: B029
A34: O030 | H34: B030
A35: O031 | H35: B031
A36: O032 | H36: B032
A37: O033 | H37: B033
A38: O034 | H38: B034
A39: O035 | H39: B035
A40: O036 | H40: B036
A41: O037 | H41: B037
... A104: O100 | H104: B100

Sheet Mapping_Accuracy
A1: Experiment E3 — Mapping Accuracy
A2: Fill estimated and reference coordinates. Error metrics are computed automatically.
A4: Tree_ID | B4: Reference_X | C4: Reference_Y | D4: Estimated_X | E4: Estimated_Y | F4: Error_X | G4: Error_Y | H4: Euclidean_Error_m | I4: Reference Source | J4: Quality Grade | K4: Notes | M4: Metric | N4: Formula | O4: Value | P4: Comment
A5: T001 | B5: 0 | C5: 0 | D5: -0.043 | E5: -0.052 | F5: -0.043 | G5: -0.052 | H5: 0.068 | I5: Simulated ground truth | J5: A - simulated for validation | M5: N reference trees | N5: =COUNT(H5:H54) | O5: =N5 | P5: Minimum 10–20.
A6: T002 | B6: 8.5 | C6: 0 | D6: 8.457 | E6: -0.052 | F6: -0.043 | G6: -0.052 | H6: 0.068 | I6: Simulated ground truth | J6: A - simulated for validation | M6: Mean error (m) | N6: =IFERROR(AVERAGE(H5:H54),"") | O6: =N6 | P6: Report in paper.
A7: T003 | B7: 17 | C7: 0 | D7: 16.957 | E7: -0.052 | F7: -0.043 | G7: -0.052 | H7: 0.068 | I7: Simulated ground truth | J7: A - simulated for validation | M7: Median error (m) | N7: =IFERROR(MEDIAN(H5:H54),"") | O7: =N7 | P7: Robust metric.
A8: T004 | B8: 25.5 | C8: 0 | D8: 25.457 | E8: -0.052 | F8: -0.043 | G8: -0.052 | H8: 0.068 | I8: Simulated ground truth | J8: A - simulated for validation | M8: RMSE (m) | O8: =N8 | P8: If unsupported, compute manually.
A9: T005 | B9: 34 | C9: 0 | D9: 33.957 | E9: -0.052 | F9: -0.043 | G9: -0.052 | H9: 0.068 | I9: Simulated ground truth | J9: A - simulated for validation | M9: Max error (m) | N9: =IFERROR(MAX(H5:H54),"") | O9: =N9 | P9: Discuss outliers.
A10: T006 | B10: 42.5 | C10: 0 | D10: 42.457 | E10: -0.052 | F10: -0.043 | G10: -0.052 | H10: 0.068 | I10: Simulated ground truth | J10: A - simulated for validation | M10: % ≤ 1 m | N10: =IFERROR(COUNTIF(H5:H54,"<=1")/COUNT(H5:H54),"") | O10: =N10 | P10: Practical inventory threshold.
A11: T007 | B11: 51 | C11: 0 | D11: 50.957 | E11: -0.052 | F11: -0.043 | G11: -0.052 | H11: 0.068 | I11: Simulated ground truth | J11: A - simulated for validation
A12: T008 | B12: 59.5 | C12: 0 | D12: 59.457 | E12: -0.052 | F12: -0.043 | G12: -0.052 | H12: 0.068 | I12: Simulated ground truth | J12: A - simulated for validation
A13: T009 | B13: 68 | C13: 0 | D13: 67.957 | E13: -0.052 | F13: -0.043 | G13: -0.052 | H13: 0.068 | I13: Simulated ground truth | J13: A - simulated for validation
A14: T010 | B14: 0 | C14: 9 | D14: -0.043 | E14: 8.948 | F14: -0.043 | G14: -0.052 | H14: 0.068 | I14: Simulated ground truth | J14: A - simulated for validation
A15: T011 | F15: =IFERROR(D15-B15,"") | G15: =IFERROR(E15-C15,"") | H15: =IFERROR(SQRT(F15^2+G15^2),"") | I15: Manual/GIS/GPS
A16: T012 | F16: =IFERROR(D16-B16,"") | G16: =IFERROR(E16-C16,"") | H16: =IFERROR(SQRT(F16^2+G16^2),"") | I16: Manual/GIS/GPS
A17: T013 | F17: =IFERROR(D17-B17,"") | G17: =IFERROR(E17-C17,"") | H17: =IFERROR(SQRT(F17^2+G17^2),"") | I17: Manual/GIS/GPS
A18: T014 | F18: =IFERROR(D18-B18,"") | G18: =IFERROR(E18-C18,"") | H18: =IFERROR(SQRT(F18^2+G18^2),"") | I18: Manual/GIS/GPS
A19: T015 | F19: =IFERROR(D19-B19,"") | G19: =IFERROR(E19-C19,"") | H19: =IFERROR(SQRT(F19^2+G19^2),"") | I19: Manual/GIS/GPS
A20: T016 | F20: =IFERROR(D20-B20,"") | G20: =IFERROR(E20-C20,"") | H20: =IFERROR(SQRT(F20^2+G20^2),"") | I20: Manual/GIS/GPS
A21: T017 | F21: =IFERROR(D21-B21,"") | G21: =IFERROR(E21-C21,"") | H21: =IFERROR(SQRT(F21^2+G21^2),"") | I21: Manual/GIS/GPS
A22: T018 | F22: =IFERROR(D22-B22,"") | G22: =IFERROR(E22-C22,"") | H22: =IFERROR(SQRT(F22^2+G22^2),"") | I22: Manual/GIS/GPS
A23: T019 | F23: =IFERROR(D23-B23,"") | G23: =IFERROR(E23-C23,"") | H23: =IFERROR(SQRT(F23^2+G23^2),"") | I23: Manual/GIS/GPS
A24: T020 | F24: =IFERROR(D24-B24,"") | G24: =IFERROR(E24-C24,"") | H24: =IFERROR(SQRT(F24^2+G24^2),"") | I24: Manual/GIS/GPS
A25: T021 | F25: =IFERROR(D25-B25,"") | G25: =IFERROR(E25-C25,"") | H25: =IFERROR(SQRT(F25^2+G25^2),"") | I25: Manual/GIS/GPS
A26: T022 | F26: =IFERROR(D26-B26,"") | G26: =IFERROR(E26-C26,"") | H26: =IFERROR(SQRT(F26^2+G26^2),"") | I26: Manual/GIS/GPS
... A54: T050 | F54: =IFERROR(D54-B54,"") | G54: =IFERROR(E54-C54,"") | H54: =IFERROR(SQRT(F54^2+G54^2),"") | I54: Manual/GIS/GPS

Sheet End2End_Runtime
A1: Experiment E4 — End-to-End Pipeline and Runtime
A2: Run the full pipeline and record counts, times, and artifact paths.
A4: Run_ID | B4: Mission_ID | C4: Input Images | D4: Detections | E4: Unique Trees | F4: DB Records | G4: Duplicate Records Avoided | H4: Detection Time s | I4: Association Time s | J4: DB Write Time s | K4: Export Time s | L4: Total Time s | M4: Throughput img/s | N4: GeoJSON Path | O4: SQLite DB Path | P4: Dashboard Screenshot | Q4: Status | R4: Notes
A5: R01 | B5: 9 | C5: 24 | D5: 24 | E5: 5 | F5: 24 | G5: 19 | H5: 0.48 | I5: 0.14 | J5: 0 | K5: 0.1 | L5: 0.72 | M5: 33.39 | N5: output/palm_trees.geojson | O5: data/palms.db | Q5: Completed
A6: R02 | L6: =IFERROR(SUM(H6:K6),"") | M6: =IFERROR(C6/L6,"") | Q6: Not Started
A7: R03 | L7: =IFERROR(SUM(H7:K7),"") | M7: =IFERROR(C7/L7,"") | Q7: Not Started
A8: R04 | L8: =IFERROR(SUM(H8:K8),"") | M8: =IFERROR(C8/L8,"") | Q8: Not Started
A9: R05 | L9: =IFERROR(SUM(H9:K9),"") | M9: =IFERROR(C9/L9,"") | Q9: Not Started
A10: R06 | L10: =IFERROR(SUM(H10:K10),"") | M10: =IFERROR(C10/L10,"") | Q10: Not Started
A11: R07 | L11: =IFERROR(SUM(H11:K11),"") | M11: =IFERROR(C11/L11,"") | Q11: Not Started
A12: R08 | L12: =IFERROR(SUM(H12:K12),"") | M12: =IFERROR(C12/L12,"") | Q12: Not Started
A13: R09 | L13: =IFERROR(SUM(H13:K13),"") | M13: =IFERROR(C13/L13,"") | Q13: Not Started
A14: R10 | L14: =IFERROR(SUM(H14:K14),"") | M14: =IFERROR(C14/L14,"") | Q14: Not Started
A15: R11 | L15: =IFERROR(SUM(H15:K15),"") | M15: =IFERROR(C15/L15,"") | Q15: Not Started
A16: R12 | L16: =IFERROR(SUM(H16:K16),"") | M16: =IFERROR(C16/L16,"") | Q16: Not Started
A17: R13 | L17: =IFERROR(SUM(H17:K17),"") | M17: =IFERROR(C17/L17,"") | Q17: Not Started
... A24: R20 | L24: =IFERROR(SUM(H24:K24),"") | M24: =IFERROR(C24/L24,"") | Q24: Not Started

Sheet GIS_Validation
A1: Experiment E5 — GIS Export Validation
A2: Open the exported GeoJSON/CSV in QGIS or another GIS tool. Record validation checks.
A4: Export_ID | B4: Source Mission | C4: File Type | D4: File Path | E4: Feature Count | F4: Expected Tree Count | G4: Count Match? | H4: Coordinate CRS | I4: Coordinate Valid? | J4: Opened in GIS? | K4: Screenshot Path | L4: Issues | M4: Reviewer Comment
A5: G01 | B5: Test Mission | C5: GeoJSON | D5: output\palm_trees.geojson | E5: 3 | F5: 3 | G5: Yes | H5: WGS84 | I5: Yes | J5: Yes | K5: figures/qgis_validation.png | M5: GeoJSON is valid and complete
A6: G02 | C6: GeoJSON | G6: Unknown | H6: WGS84/Local | I6: Unknown | J6: Unknown
A7: G03 | C7: GeoJSON | G7: Unknown | H7: WGS84/Local | I7: Unknown | J7: Unknown
A8: G04 | C8: GeoJSON | G8: Unknown | H8: WGS84/Local | I8: Unknown | J8: Unknown
A9: G05 | C9: GeoJSON | G9: Unknown | H9: WGS84/Local | I9: Unknown | J9: Unknown
A10: G06 | C10: GeoJSON | G10: Unknown | H10: WGS84/Local | I10: Unknown | J10: Unknown
A11: G07 | C11: GeoJSON | G11: Unknown | H11: WGS84/Local | I11: Unknown | J11: Unknown
A12: G08 | C12: GeoJSON | G12: Unknown | H12: WGS84/Local | I12: Unknown | J12: Unknown
A13: G09 | C13: GeoJSON | G13: Unknown | H13: WGS84/Local | I13: Unknown | J13: Unknown
A14: G10 | C14: GeoJSON | G14: Unknown | H14: WGS84/Local | I14: Unknown | J14: Unknown
A15: G11 | C15: GeoJSON | G15: Unknown | H15: WGS84/Local | I15: Unknown | J15: Unknown
A16: G12 | C16: GeoJSON | G16: Unknown | H16: WGS84/Local | I16: Unknown | J16: Unknown
A17: G13 | C17: GeoJSON | G17: Unknown | H17: WGS84/Local | I17: Unknown | J17: Unknown
... A24: G20 | C24: GeoJSON | G24: Unknown | H24: WGS84/Local | I24: Unknown | J24: Unknown

Sheet Evidence_Checklist
A1: Publication Evidence Checklist
A2: Use this as the final audit before writing manuscript results.
A4: Category | B4: Evidence Item | C4: Required? | D4: Status | E4: Owner | F4: File/Folder Path | G4: Quality Comment | H4: Manuscript Use
A5: Dataset | B5: Train/validation/test split files | C5: Yes | D5: Verified | F5: validation/evidence/ | G5: Must be fixed and reproducible. | H5: Methods
A6: Dataset | B6: Label format and annotation example | C6: Yes | D6: Verified | F6: validation/evidence/ | G6: Include one screenshot. | H6: Methods/Figure
A7: Detection | B7: YOLO validation log | C7: Yes | D7: Verified | F7: validation/evidence/ | G7: Keep raw output. | H7: Results
A8: Detection | B8: Detection result screenshots | C8: Yes | D8: Verified | F8: validation/evidence/ | G8: Use representative images only. | H8: Figure
A9: Tree-ID | B9: Observation log with GT IDs | C9: Yes | D9: Verified | F9: validation/evidence/ | G9: Critical for novelty. | H9: Results
A10: Tree-ID | B10: Baseline comparison table | C10: Yes | D10: Verified | F10: validation/evidence/ | G10: Detection-only vs proposed. | H10: Results
A11: Mapping | B11: Reference coordinate source | C11: Yes | D11: Verified | F11: validation/evidence/ | G11: State if manual/GIS/GPS. | H11: Methods
A12: Mapping | B12: Mapping error table | C12: Yes | D12: Verified | F12: validation/evidence/ | G12: Mean/median/RMSE/max. | H12: Results
A13: Pipeline | B13: SQLite database file | C13: Yes | D13: Verified | F13: validation/evidence/ | G13: Archive final DB. | H13: Artifact
A14: Pipeline | B14: GeoJSON/CSV export | C14: Yes | D14: Verified | F14: validation/evidence/ | G14: Must open in GIS. | H14: Artifact/Figure
A15: Pipeline | B15: Dashboard screenshot | C15: Yes | D15: Verified | F15: validation/evidence/ | G15: Supporting evidence. | H15: Figure
A16: Runtime | B16: Runtime measurement log | C16: Yes | D16: Verified | F16: validation/evidence/ | G16: Include hardware specs. | H16: Results
... A18: Manuscript | B18: Limitations statement | C18: Yes | D18: Verified | F18: validation/evidence/ | G18: Avoid overclaiming. | H18: Discussion

Sheet Dashboard
A1: PalmMapBot Publication Readiness Dashboard
A2: Auto-summary from experiment sheets. Fill experiment sheets first.
A4: KPI | B4: Value | C4: Target | D4: Status/Comment | F4: Manuscript Decision Gate
A5: Completed experiments | B5: =COUNTIF(Experiment_Plan!H5:H9,"Verified")+COUNTIF(Experiment_Plan!H5:H9,"Completed") | C5: 5 | D5: Need all core experiments completed. | F5: Gate | G5: Pass Condition | H5: Current | I5: Decision
A6: Best detection F1 | B6: =MAX(Detection_Metrics!K5:K24) | C6: >=0.80 preferred | D6: Depends on dataset difficulty. | F6: Core evidence | G6: Completed experiments ≥ 4 | H6: =B5 | I6: =IF(H6>=4,"PASS","NO-PASS")
A7: Best mAP@0.5 | B7: =MAX(Detection_Metrics!L5:L24) | C7: >=0.80 preferred | D7: If available. | F7: Detection | G7: F1 not blank and defensible | H7: =B6 | I7: =IF(H7>0,"PASS","NO-PASS")
A8: Tree-ID correct rate | B8: =TreeID_Association!T6 | C8: >=0.85 preferred | D8: Core novelty metric. | F8: Tree-ID novelty | G8: Correct rate measured | H8: =B8 | I8: =IF(H8>0,"PASS","NO-PASS")
A9: Tree-ID duplicate rate | B9: =TreeID_Association!T7 | C9: <0.15 preferred | D9: Lower is better. | F9: Mapping | G9: Mean error measured | H9: =B10 | I9: =IF(H9>0,"PASS","NO-PASS")
A10: Mean mapping error (m) | B10: =Mapping_Accuracy!O6 | C10: <1.0 m preferred | D10: Pilot target; explain ground truth quality. | F10: GIS | G10: At least one export verified | H10: =B11 | I10: =IF(H10>=1,"PASS","NO-PASS")
A11: GIS exports verified | B11: =COUNTIF(GIS_Validation!J5:J24,"Yes") | C11: >=1 | D11: Need at least one valid exported map.
A12: Evidence items verified | B12: =COUNTIF(Evidence_Checklist!D5:D18,"Verified") | C12: >=12 | D12: Publication package completeness.
